,Arcata,Bakersfield Meadows,Barstow Daggett,Beale,Bishop,Blue Canyon,Blythe Riverside County,Pasadena,Camarillo,Camp Pendleton,Carlsbad,China Lake,Chino,Chula Vista,Concord Buchanan Field,Crescent City,Edwards,Fairfield Travis,Fresno,Fullerton,Hawthorne,Hayward,Imperial County,Lancaster,Lemoore,Livermore,Lompoc,Long Beach,Los Angeles,March,Merced,Modesto,Montague,Monterey,Mountain View,Napa,Needles,Oakland,Oxnard,Palm Springs,Palmdale,Paso Robles,Point Mugu,Porterville,Red Bluff,Redding,Riverside,Sacramento,Salinas,San Diego,San Francisco ,San Jose,San Luis Obispo,Sandberg,Santa Ana,Santa Barbara,Santa Maria,Lake Tahoe,Stockton,Truckee,Ukiah,Van Nuys,Visalia,Yuba County
0,0.6080742038630133,0.6485404238465751,0.7059759731150684,0.6363248326712329,0.6111516036602741,0.6960215740630136,0.8767796948109586,0.5934816603315071,0.5661266093753422,0.5580832993643835,0.5523112343890411,0.6677844881260274,0.5686084879068488,0.5496476060739727,0.5662911274876705,0.6053453288712332,0.6165974599260271,0.5727647381999994,0.6508370380328764,0.5810479549478823,0.5543770436547947,0.5696740187561645,0.7821845856246566,0.6207776907945203,0.6149043086,0.5832515726904118,0.5739068575774655,0.5676618639972602,0.5542541027068497,0.5868216328767123,0.599401050805479,0.5980967976575341,0.6928790009506847,0.5802324501013699,0.5726780438383566,0.5848099300082196,0.9083257041945196,0.5762689091780822,0.5654644958082189,0.7939600508684923,0.6333444617945198,0.576834203791781,0.5680012653479452,0.6042557512328768,0.6469944784328769,0.6289264331041089,0.5797682318,0.5758521321616438,0.5800649596794523,0.5642228566657531,0.5793693253890415,0.5712290029041099,0.5761387579369862,0.593663644115068,0.560351814391781,0.5699051236410956,0.5827982030191783,0.6132670024136971,0.5878198865479444,0.74303097429315,0.5823059072356167,0.5815018768383566,0.6335958109506843,0.6044249098821913
1,0.5444111288602743,0.5541265442931509,0.6050502116684933,0.5443387565643845,0.5298169168630138,0.6188257248301359,0.7460735244465759,0.5100914171671238,0.500083732556164,0.48570342858630255,0.47820717258630274,0.5737814522630136,0.49160782033150785,0.4773869758219193,0.4949009738328778,0.5407301794191779,0.5356447681917814,0.50116489290685,0.5509712389561647,0.5033922729153103,0.4779713369424671,0.5028539116684931,0.6663212348849322,0.5376720772712331,0.5281827120410962,0.5181194532821918,0.5165040713838027,0.48805271685205587,0.4779619265808235,0.5062090331205489,0.5130780846191779,0.5143399719506853,0.6168696027698625,0.5163012016191773,0.5063066051506845,0.5203846412958898,0.776906879339725,0.5107525476684928,0.49910326795616416,0.67890958490137,0.5447943873424659,0.51251427229589,0.5016466287397261,0.5200084862958911,0.5536113545780821,0.5365227134876718,0.4982314482575354,0.500253579556165,0.5157401693424662,0.4878431111397272,0.514653658312329,0.504836161602739,0.5120553525041092,0.5222253099534251,0.4812968526602753,0.5046339425342463,0.5202445892000002,0.5492579824657537,0.5055685549260279,0.6720042261315062,0.5174298832931502,0.49618818282191873,0.5447529723808223,0.5156800370383559
2,0.5250746230438351,0.5114346888054793,0.5586467779205476,0.5041112837452055,0.49991294187123314,0.5944088728712338,0.6769864590520536,0.4764255829917798,0.4798547229260271,0.4612222670575342,0.45216892191506847,0.5281166398356157,0.46361833788767076,0.4526385512520544,0.4693910622849312,0.5201754973013698,0.5033946205068492,0.475555494438356,0.5066827566054792,0.4743831577296416,0.45176420518630095,0.4819984131178078,0.608470188827396,0.504562383147945,0.49355181577260243,0.4981826626630136,0.5022070752535208,0.4580850632739721,0.4505513713178076,0.4769513122712329,0.47852293561643816,0.4806792931917805,0.5945030466849328,0.4972899659150685,0.48555472211506845,0.501059888419178,0.7054107048164379,0.4906427580575343,0.47828811671232885,0.6185377006246566,0.5086198891753418,0.4937817552931506,0.481077008290411,0.4876008629643834,0.5130146928219174,0.4968942734465746,0.46758765890958853,0.4738669186876715,0.4967676173205479,0.45961322411232797,0.49489655876438327,0.4839711821506853,0.49332806274794544,0.4953966655863012,0.45211317060821865,0.4848799221232876,0.5028334389917812,0.529104890789041,0.47613105589863014,0.6530717649808223,0.49800987738904035,0.4626970575780813,0.5070121301068493,0.4817971366410962
3,0.5247979281534249,0.49538454349041033,0.53843460459452,0.4894932282849308,0.4944902259561638,0.5924922732986301,0.6395434366465751,0.4674003006027382,0.47969641406027363,0.45820455882739536,0.447848882868491,0.5148718678191777,0.4583307542027383,0.44918458054520316,0.4656041801315053,0.5190133353342463,0.4951473097397252,0.47126428010136806,0.4924870703999991,0.4658959240521159,0.44708068077808033,0.4813803023671227,0.5797910865698622,0.49444398684931423,0.4815025207287664,0.49790538191232814,0.503933931239437,0.45159859699999866,0.44593337773698455,0.470778246402738,0.4695005025862998,0.4708704954684914,0.5951413273095891,0.4976852862383561,0.4849932169589035,0.5019240344082194,0.6659563670438353,0.4901174006794519,0.47728383558630066,0.5832525572164378,0.4967512007561637,0.49539422333424615,0.4810975474849311,0.4785389554109573,0.4981101263287669,0.48341143864657415,0.46024052847671054,0.4692594483780808,0.4974618887972606,0.4536213240958891,0.4948059418027399,0.48351064324109483,0.4941700130986297,0.4898231500767115,0.4459981338109573,0.48529811946849255,0.5045240342356161,0.5280693538054791,0.4700719396328756,0.6559248026876713,0.4986836448904104,0.4544753348082172,0.4926907683753417,0.47338478393972455
4,0.5539846972109583,0.5185894398191766,0.5614374589479434,0.5133921975452044,0.5223158021972594,0.6228752191698638,0.6508205350246562,0.4938972337561629,0.5101782094054794,0.4875262745123279,0.4763702866219164,0.5353277635315057,0.486462064799999,0.4776548743013686,0.4935375780410948,0.5477346491041095,0.5220808919671219,0.49944057363835515,0.5159430440410946,0.49832275366123685,0.4754902678986285,0.5112157837945199,0.5940706926520533,0.5191578514739715,0.5072178053260266,0.5279665600958906,0.538826592774648,0.4798855870904094,0.4744147274191769,0.4996610622876701,0.4947744402630128,0.49680797451780684,0.6285416922657538,0.5276855401753422,0.5151445546684923,0.5328500748191778,0.67403661398356,0.5197949611068491,0.5069546060876708,0.5948385413013686,0.5218180952657522,0.5277484331424656,0.5112624111835614,0.5051188921424643,0.5197700092273958,0.5070484223616425,0.4880154928986289,0.497405701408218,0.5282226132767122,0.48223037608767,0.524487875156164,0.5137250246630131,0.5248718071452055,0.5177986019671225,0.47425212804657385,0.5156299027589036,0.5348122101589043,0.5574657247753416,0.4976522495068481,0.6904095766054795,0.5298607056219177,0.4816352380136969,0.5173008967342455,0.4995563928575331
5,0.6581228198383562,0.6246123337863008,0.6754986929068488,0.6170327405589031,0.6295925858219166,0.7360689797506853,0.7904112212821909,0.598351202923287,0.6159214817205478,0.5931563730630128,0.5817050032876707,0.6486127766986294,0.5908769888273964,0.5822426426547936,0.5971024426931496,0.6511977175999996,0.6288701340520539,0.6036766316657527,0.6157404245068484,0.6129595761400642,0.5803643319534239,0.6163407784739723,0.7142695452383554,0.6253663293726021,0.6113593140767112,0.6337275747013695,0.6497104314788736,0.5854216951890402,0.5799252216164373,0.6056009837479445,0.6001919404904098,0.599228924372602,0.7460731270821916,0.6322382374712329,0.6203341193260284,0.6393092339260273,0.8225252485561636,0.623824290019178,0.6116050435945214,0.7228159766712317,0.6308952899589031,0.6366565671178083,0.6164308711753427,0.6122264084410952,0.621083099473972,0.6081022333424649,0.5915461423068481,0.6012226360712319,0.6337629215068489,0.5888725126164375,0.6286139923780825,0.6188521985369864,0.6306307023561647,0.6236031792493142,0.579393774304109,0.621610359630137,0.6399539439561639,0.6636563139095877,0.6022253629643827,0.8080028255589038,0.6370534887013696,0.5851627088273965,0.6216975492246567,0.601992560161643
6,0.8429434158986303,0.8421262425041103,0.8912614632000003,0.8279972567835618,0.8355295210712327,0.9409321807972605,1.0190874918986308,0.8051298259068506,0.8020598383041088,0.7963243693369875,0.7807181955726032,0.8739194473479449,0.795742839865754,0.7813175467260278,0.7938586395534256,0.8355785133013703,0.8451351428575354,0.801803847534247,0.8316247370958905,0.8267924370553753,0.7805843128109595,0.8033988873424655,0.951459866586301,0.848367622172603,0.8220806204602753,0.8209050478520543,0.8333271334999998,0.7923366810684939,0.7812966850630141,0.8118727014027403,0.8040443550027404,0.8013009397205477,0.9505714407424664,0.8187210253342472,0.8068721666794522,0.8251497032767126,1.0417833542547945,0.8098318102273969,0.7973663805726027,0.9669479471397254,0.8572987796301369,0.824403920334247,0.8019941837397258,0.8224214381506852,0.8344447086191785,0.8195348002328771,0.7972715904000001,0.8002299000356168,0.8205818466684933,0.7911271426767128,0.8133386344301368,0.8052834438054792,0.8163129421205478,0.8278581937808228,0.7831808771972606,0.8070193028027396,0.8249985778027398,0.8609816420328772,0.8043283610767124,1.0108008886136992,0.8253377939808215,0.7905262224328775,0.8277206100136992,0.8054473796684936
7,0.9136773126109579,0.9296412267452049,0.9878880714876708,0.9084198017835623,0.907032833208219,1.0168451778410963,1.1431851171616427,0.8815572356657535,0.8711814893260266,0.8615732703561653,0.8503300505095899,0.96326095590137,0.868042256010959,0.851251184980822,0.8656146470986308,0.9099597233260273,0.9253501237534252,0.8746419830630139,0.9152513177260267,0.8684495143387629,0.8542667594821923,0.8777586601424657,1.0727225922301356,0.9347539635534249,0.901389734342467,0.8931302647589046,0.8704510168556341,0.8648695917863013,0.8529338481452059,0.8914791622876713,0.8820855114684938,0.878177367482192,1.025481479873972,0.8899628861095892,0.8800169909863009,0.896467334515068,1.1644947177232865,0.882453113227397,0.8678247370876713,1.0909174988547936,0.9435178543999997,0.8942993465534241,0.8713386182136988,0.902999110389041,0.9201455556191775,0.9027545078794523,0.8708961676054797,0.8718773182821922,0.8930208736273968,0.8632019120054801,0.8854978994520548,0.8788529235342469,0.8852316385232881,0.9023106133232879,0.8566513539205484,0.8753908685232882,0.8919547161945198,0.9249525002657536,0.8810032448931496,1.0810527408082184,0.8991432864739725,0.8671862249671235,0.904358928778083,0.8808655321589041
8,0.851582272720548,0.9091618085068495,0.9807924886986303,0.8770371536082194,0.8609356215616446,0.9350062846767119,1.1744430185589048,0.8443169146082194,0.808215230665754,0.8076653196602748,0.8003062687452068,0.9531883409726029,0.8241004643534259,0.804043493342467,0.8056793316301378,0.8484200440273975,0.8970699952356174,0.8246842672054803,0.8917410274602738,0.8308098005179161,0.8054270097452071,0.8167397268136988,1.1008191923561645,0.9122657956931506,0.872806767890411,0.8303992143589046,0.8041095907605632,0.8205547477589059,0.8039684645534261,0.8667482681013708,0.8437207188630136,0.8358809865068498,0.9417848229397264,0.8261559281835616,0.8184067404082188,0.8323954203917818,1.1979189422821932,0.8217199961041101,0.8057943933726023,1.1224251107753418,0.9237408575041104,0.8293606655150688,0.8084028019369854,0.8694857419917815,0.8903070445041098,0.8744587796931507,0.8309641477287681,0.8181199696410963,0.8286547715369871,0.817119258534248,0.8234040992273974,0.8178031531780818,0.8188026412630134,0.8572434103123295,0.8100208428493164,0.8106479202356163,0.8243475600931511,0.8523428156383576,0.8336296127178088,0.9913474054219181,0.8362823692657539,0.8326661507698637,0.8687141785287673,0.8383095060383569
9,0.8071013244630146,0.9478298140712317,1.0542023022082185,0.898043196871232,0.8720075372547934,0.8713612136821907,1.3439328126794519,0.8550717998712324,0.7594434250273979,0.7842582144767127,0.760085946156164,1.0294831267232871,0.8341528302520539,0.7791959492438356,0.773752860978081,0.8055638754767129,0.9310592164410952,0.8161434252273972,0.9215328104684917,0.8511420084983706,0.7779164101643838,0.7703748105232872,1.260147058953425,0.9603788025506845,0.8994320258164377,0.7808624836027398,0.7683084994330989,0.8007795288109589,0.7683368346547946,0.9177869856191786,0.8510462947972594,0.8328989126493139,0.8748545219397256,0.778835726386302,0.7710847499232885,0.7837236675232874,1.3654935923753424,0.7766057481780824,0.7581616063315072,1.2921160831424654,0.9757039579013689,0.7778477325808225,0.7603786299534258,0.8910210721643829,0.9190234794136976,0.9044935793397247,0.8424480896191776,0.8005339363534238,0.7791428933972614,0.8000530473945199,0.7768536936630135,0.7702261993890415,0.7672678016849322,0.8495331761835613,0.7855979849753424,0.7618714329917812,0.7716727218465759,0.8013543032931495,0.8315746918328764,0.9200334893205478,0.7866501359232881,0.8429529041479445,0.8789734889424653,0.8443085637863009
10,0.8052797497315064,1.007303327238354,1.1210521749780804,0.9542639941534241,0.9179315321178068,0.8749103809095904,1.4286108155150674,0.9107060266328741,0.7629020129534239,0.8217516589205464,0.7927453605068475,1.1032457664109567,0.8907317848904084,0.8169886331479427,0.802597571095889,0.8056093523561645,0.983529978947944,0.8605600588219167,0.9826155234328755,0.9132239155798036,0.81302080907945,0.7753018694054788,1.3501606268219153,1.014298136572601,0.9501891883835593,0.7848209122191769,0.7676885890915491,0.8457128966301349,0.8086024408684909,0.9792708525424638,0.89812385778082,0.8810186713041076,0.8739634351890435,0.7785639825123284,0.7763274770821909,0.7855240550849298,1.455619798931509,0.7799102743342462,0.7620787267479444,1.3753387957945191,1.0291091374794508,0.7803348713260264,0.7637371175808214,0.94099165068493,0.9746557459095881,0.9562521947178073,0.8993307906328744,0.8440246927095879,0.7800492911753418,0.8398402429315043,0.7803527817726021,0.7760518487178062,0.7685171388356156,0.8837963815232872,0.8291555750219154,0.7652359658027393,0.7707018076438354,0.809449348117809,0.8825198173862993,0.9151919786465769,0.790203045210958,0.8998849001123265,0.9351054233808207,0.896698855361642
11,0.7857047339589035,1.0805235378767126,1.2144966534301387,1.018238175432877,0.9743840467287681,0.8587501393232869,1.5667984999369857,0.9740897474602763,0.7534347115890417,0.8521470162493172,0.8091736314849329,1.1991054926630147,0.963385046682194,0.8446207432465777,0.8321269230520554,0.7877085249534247,1.0483181724273976,0.9101456440739724,1.0575592036602743,0.9728353770749189,0.8377386849698656,0.762765201449316,1.4948269515945198,1.0833515278164392,1.0136062489424655,0.7687083701041099,0.7497542842359152,0.8818048998465768,0.8310575815232896,1.059373458038358,0.9540651141643842,0.9336288837041106,0.8529348469698619,0.7639250497315072,0.7626439168410968,0.7696249251369865,1.586013064632876,0.7662230238630139,0.7534350289780828,1.5172503181890409,1.1006602744273977,0.763038473673973,0.7542960243205483,0.998320623087673,1.0399432285780836,1.0202534556164395,0.9739547097479471,0.8902577919890419,0.7645397286219181,0.8683711237287693,0.7657117831753424,0.7625309232465755,0.7568450460739726,0.9090158657726043,0.8615134311150703,0.7553636319123292,0.7575941024273977,0.7930745193095885,0.937496199175343,0.8861016933315055,0.7722812857945205,0.9695488890164405,0.9929963742383563,0.9550902558904112
12,0.7557004068301373,1.1596652219780832,1.3200513964986316,1.0814562045835625,1.0308670622904108,0.8344155165095888,1.7032861652575284,1.026028161189042,0.7304903848027403,0.8727003831917818,0.8151021064712338,1.3009714079917816,1.0346353396164398,0.8583875462575353,0.8632572171780825,0.7590346992465749,1.1181167411671231,0.9644786345369873,1.1385990233972616,1.0225677406091203,0.8475469490493159,0.7375180830136988,1.647443540967117,1.1509259828602743,1.0856423320109596,0.7415831848958908,0.7226815442570411,0.912702532101371,0.840485906950686,1.13652144650959,1.0143065004246579,0.9893012198739729,0.8285390145315066,0.7378361259726028,0.7370208630575348,0.7428996101698633,1.710073844358898,0.740444461679452,0.7310111735671239,1.6626256079972541,1.1697887144493158,0.7353342192821921,0.7311974051890416,1.0571198133863022,1.109811722583562,1.0893030265123285,1.043440984567124,0.9437623434657539,0.7378553033863018,0.8837927175534255,0.739266637865754,0.7368999490575351,0.7333494166191791,0.9247346818931501,0.8813363291287685,0.732420121271233,0.7329924922328768,0.7765077456520543,0.9956688367972606,0.8519635530082188,0.7437008930739728,1.0357370928684941,1.0584929107534258,1.0186524153726033
13,0.7334609332520552,1.2554005632602743,1.4343611595205477,1.1635611551890406,1.103820716731507,0.821582042600001,1.8420066717123282,1.0865919766520542,0.7136747574027397,0.9006060758383556,0.8320548271753411,1.4155030967452047,1.1120711045561642,0.8785918900876699,0.914146306049315,0.7379161161452061,1.2034994974082178,1.038861828627398,1.2396709389945204,1.088422967811075,0.8662407641205472,0.719267773353425,1.8118081003150663,1.2263917896273975,1.1819157620027394,0.7221076755369863,0.7050759538063381,0.9551411049150669,0.8541416586191776,1.222687858065752,1.0986250176630141,1.0693554148739726,0.827671338326028,0.7189284049369867,0.7185039999808218,0.723426546421918,1.8412714037780806,0.7215185833945204,0.714098421652055,1.8133538953945196,1.251965866005478,0.7162971260219181,0.7139462535150686,1.1386948793999996,1.196814644989041,1.1744957644493157,1.1194416078712321,1.0183213512657534,0.7192096551095895,0.9054528719534244,0.7198924252958907,0.718523967978082,0.7162209785342469,0.9484712015013697,0.910733058350684,0.7156185338191781,0.7156299983287674,0.7773055669589041,1.0739510213205476,0.8301483134904116,0.7240435845890415,1.110944010956163,1.1458672845369866,1.1081257845726014
14,0.7439487531534236,1.3733069383178071,1.5561628374438348,1.2762486240246564,1.2060839198356152,0.8446091818849331,1.96456748600548,1.1648576290712322,0.7276638900575331,0.946819146884931,0.8744005594109588,1.540968776224657,1.1996042066191777,0.923154798742466,0.9951079699452046,0.7486039586410952,1.3050952624082195,1.1370173181835597,1.36517146890137,1.172593296482084,0.9074713765589039,0.7321076170739714,1.9605550809095895,1.316351272271232,1.31443257739452,0.7346645092465739,0.718822084197182,1.0209938645780823,0.8934388513917803,1.3162113517123286,1.2175778267178072,1.1811478380136984,0.8783078886136996,0.7317322634438341,0.7316017767698623,0.7358984660328758,1.9386640861479454,0.7343458384931492,0.7279526572410945,1.9456767208602734,1.3413388271945208,0.7292759806739711,0.7277922698219164,1.248064926810959,1.3061589175890396,1.2833131683506847,1.2054372974383565,1.129206982698629,0.7321859182054784,0.9503000930904105,0.732556341342465,0.7315237592657527,0.7298517210630124,0.9983244712520539,0.9642633084410958,0.7293026240575333,0.7293675471369855,0.817515089506849,1.185560277106848,0.846182954750686,0.7364385472958895,1.2082118676739724,1.265099562164383,1.2341893971616429
15,0.8304899463369873,1.5201740025123285,1.689862477161645,1.4245379348821905,1.3398423320301367,0.9472760685890411,2.086604767082191,1.2678900715671235,0.8154569154821933,1.0371245737863009,0.9712515188164375,1.6688652624958915,1.2935797415150687,1.0092584675452052,1.1170966185589033,0.8352530734164397,1.416985220769862,1.2624715275287666,1.5184985511835627,1.2776194673452774,1.0008630676986294,0.8195002191534263,2.093205841832877,1.4103747258246573,1.4684193454219143,0.8221780708684949,0.8052817929507049,1.1191436162630128,0.9864660308219175,1.4115206660986286,1.3673507863479446,1.3266642323178084,1.0066253739095892,0.8192086397205495,0.8191753000328785,0.8232188993671242,2.0475173007479457,0.8217036891013707,0.8156420432520561,2.0640275516821913,1.4386997262520538,0.8168521975205494,0.8156088849808237,1.391477995832876,1.4510328273095885,1.427918031410959,1.3051678393260273,1.2752424855999993,0.8195401393013716,1.0403555488575336,0.820227157989042,0.8191091901397276,0.8175105280794532,1.0905506287013693,1.061622738131506,0.816848239172604,0.817247724145207,0.9239745687890417,1.3284339044493145,0.9491404982684936,0.8236714808410973,1.3159117445397253,1.412886164063013,1.39036235029315
16,1.034508098076713,1.7989674934602777,1.9376405095972646,1.715609233468494,1.6048076212493187,1.1773180087972626,2.3345085436575395,1.4791344987232886,1.015662516931506,1.2135337351890425,1.1402210544137,1.9318716234493185,1.4882205126630141,1.1795185287917829,1.333642905589042,1.0401444539150684,1.64314148293699,1.484317649849315,1.8172923777424683,1.4622376576384366,1.1827442942164395,1.0200635813041097,2.341482762076717,1.614433622131511,1.7609791083479502,1.0230704430821922,0.9905007713345072,1.3000541834493156,1.159571631775344,1.6094014418137013,1.6561202703369895,1.602329970504112,1.2700158920273992,1.020837332235616,1.0199496162630137,1.024205801460274,2.2913927445753455,1.0224003868931508,1.0161261186191777,2.2931605477616497,1.6556480238027433,1.017118225909589,1.0161712644575336,1.6729970940547978,1.7284787699890438,1.7088636734383589,1.510716215591783,1.5317729821315083,1.0203258854438355,1.2218537555424667,1.0218319206849311,1.019627261808219,1.018077369473972,1.284852993435616,1.2376506791232897,1.0171987534547937,1.0180036140356161,1.1359209599287685,1.5894917613863044,1.1892594583260283,1.023952384471233,1.5304547161205504,1.6986583318602753,1.6918566677178115
17,1.264347393558905,1.937628510909589,2.0654002697260267,1.8765040364301362,1.7706508042273958,1.449590580394523,2.4529030890219166,1.6542198701178072,1.2426904628273987,1.448876533912328,1.3890472517452033,2.0442050655561603,1.622069325610958,1.4127591158109571,1.5198678815753404,1.2684270545945218,1.7653782802904086,1.6236160706246578,1.967724164709589,1.603370315088235,1.4173978144109556,1.2487576251506851,2.440505997690409,1.7343999889972581,1.8992212795561632,1.2539260190164387,1.1725567522614853,1.497911612254793,1.4056757822191759,1.7329220238931502,1.8154135701315048,1.7634513491917798,1.5256013255726038,1.2489145413315066,1.2484673416794523,1.2548930934383564,2.417817419391779,1.2516861540136999,1.2429175965726036,2.3480533155698593,1.780429423284931,1.245908359495891,1.243311877761645,1.8370414130794508,1.8827139123561643,1.8658536501068486,1.664261002290409,1.6804597482027388,1.2482904052219181,1.446739121698629,1.2508415822575345,1.2486901033698634,1.2456918546931512,1.4761558489561635,1.4694220566027378,1.2445608009315077,1.246469440430137,1.3716919152301372,1.7407590464219158,1.4606846350986322,1.2543977662410963,1.6853177061287652,1.8662131063452048,1.8522878132986293
18,1.3995264039315076,1.941026559534244,2.062988137241095,1.90261356597808,1.7865244456465739,1.6190657263890424,2.4427193415945196,1.7117791495890413,1.3825983450931523,1.5514446584904111,1.5063891050191787,2.0128813640164385,1.6568922052273982,1.5187617438739716,1.5896624483123292,1.4032712819342463,1.7733882488410924,1.6508210696657521,1.9788895047890387,1.6474522619411751,1.5291534319452065,1.386707579893152,2.3782005172794545,1.7452467169095875,1.8865469014082172,1.3911248257808224,1.292132568212014,1.5879576559726034,1.5248035008794523,1.7552106123178066,1.8434239853287662,1.7989750756109575,1.6785912380082186,1.3868107787863029,1.386626702241097,1.391827349761645,2.424581958410959,1.3888119453808228,1.382536222021919,2.2640938986684933,1.796802759780821,1.3848814065068509,1.3828849517068502,1.842068318309587,1.9096335201123282,1.8934605002712301,1.7109240376520543,1.7092112587232855,1.386624010032878,1.5518405791123295,1.387964632367124,1.386555289427398,1.384578898194522,1.55340902547397,1.5758900113698644,1.3838452058712343,1.3852647967561655,1.4749689339068466,1.7645670444849304,1.6306154345315065,1.391277699279452,1.7255110640547935,1.8778898583150687,1.8670220281753411
19,1.4818036905315062,1.888221793956166,2.0148309414657537,1.8733890154547945,1.769048771945203,1.7272022580575332,2.3805751512054822,1.724893076402741,1.4648381665588985,1.5931612327315068,1.5642840507260292,1.9538944317534233,1.6706919676137002,1.5672536743589047,1.6102673609041098,1.4847357027369847,1.7578787736575343,1.6448872683589053,1.9387368605260273,1.701000140513073,1.5828831922027398,1.4687845598712286,2.2702090435780833,1.7403730915287667,1.8405348422630143,1.4736539329178049,1.421164421572436,1.6326324662684946,1.5814196809397267,1.7466798676410964,1.8102485772027388,1.7812643532191792,1.7664042254739736,1.469062901983558,1.4687414626054758,1.4739263685205455,2.3667769344904106,1.470456874120544,1.4647424634986246,2.19310716181644,1.785487247383561,1.467330260265748,1.4650896045260224,1.8077854220438356,1.8719005277835634,1.8571052268493153,1.7158635605780836,1.697236034457534,1.4689492477232833,1.600664043369864,1.4700412770602709,1.4684899534301323,1.4668237350657491,1.593512761446574,1.6237456253123292,1.4659832115150648,1.467753922252051,1.5306727361506838,1.7386089458794527,1.7386689715534265,1.4733643301260242,1.7294492072547958,1.8480672847287671,1.8183307580219157
20,1.483634437219177,1.7956833340657528,1.9081804586794517,1.7856686936246577,1.6942650474465761,1.7285788347589048,2.2437141422328795,1.6677669273561653,1.4639589685616454,1.5552057022493153,1.5404341548821914,1.8455804804602747,1.6145152091945207,1.5379694576054779,1.565619708569862,1.4857975126328766,1.6839469049726041,1.589642489399999,1.8407230954137015,1.6609130463758168,1.5572055290739724,1.4684969422246583,2.106017469830138,1.6798676000520536,1.7515759486438351,1.4743587887095893,1.448153509572437,1.5956956209726028,1.5565227893123283,1.673541135736988,1.7224956445178095,1.698967204893152,1.753632829202742,1.4692857817917806,1.4685700097315073,1.4746706739424662,2.238894624652056,1.4702889764109588,1.4639718280301377,2.06181139991233,1.713383772758905,1.4676056782000007,1.464397621123288,1.719465230443837,1.7825907351972619,1.7655104429589046,1.6537083629561646,1.6254418004246574,1.4693618242246576,1.570612401715069,1.4702630655479452,1.4681587053479455,1.466654193013699,1.5640625086054776,1.5884745092821904,1.4653461217424661,1.4682033708876718,1.5134687608027397,1.664951577624659,1.7432894362438365,1.4738576619150685,1.6666007813780832,1.763830289701369,1.7208167242958896
21,1.288249555764386,1.5205345829671228,1.606081522260273,1.5031975009589043,1.4303872469315073,1.4933419485616422,1.9040525967287643,1.4122906060849314,1.2638972058821936,1.3164654569287675,1.3124493378164377,1.5449320443780812,1.3633271561287676,1.3076456444684936,1.3278131687397274,1.2897241242767137,1.4261038911260266,1.3425594194684944,1.5463317462109587,1.3893755101437908,1.3261199243068484,1.2687824994794534,1.7717985594739714,1.4259189831342476,1.4689964577095895,1.2760442195616444,1.2414766516289772,1.3544028657178075,1.3262340646109583,1.4098541925232873,1.4415395157342468,1.4253050930438351,1.5061154191534227,1.2707023837945215,1.2691941776958908,1.276362771202741,1.9154420509452017,1.2711496289424673,1.2639060496986319,1.7459458116767097,1.4513713754657542,1.2690920177095903,1.2646965233424672,1.4455593845589039,1.5088818113342464,1.4879602080027396,1.3930395548657528,1.3671180744931508,1.271049584241097,1.336022713589041,1.2715859954958915,1.2685837538986313,1.2678995210684947,1.3411550944273982,1.3482758544000004,1.2655338405397278,1.270240471936987,1.3029069481397257,1.4030086339452055,1.5167741753479433,1.2754190976410966,1.407482943578082,1.485546890109589,1.4424991422465758
22,1.0276500776191777,1.18263551878904,1.2551239214712326,1.1666744788410965,1.1104464685589048,1.1889257672630154,1.5070208449315063,1.0960665260136986,0.9971687523890425,1.0194705083945217,1.0177373245178083,1.2076436474849308,1.0528851653178088,1.0143435021561649,1.0304847673753423,1.0281316712136988,1.1110198410164382,1.04019857281096,1.1998884602328763,1.0692277454379093,1.0289830649013705,1.002001547087673,1.3848154074164383,1.1146401826739722,1.1337997202301364,1.0111425486986307,0.9804918631095424,1.048923004246575,1.0293443228136991,1.085001642627398,1.1063507416876708,1.0981484170109583,1.1904481141890437,1.006172603569865,1.0030600517671244,1.0116473244164401,1.5285366919671233,1.0053658098520564,0.9969253275917833,1.3799034820356169,1.1333764011835612,1.003878248698631,0.9984299077890428,1.1162208506191773,1.1731767483041093,1.1540218232109594,1.0775557816328774,1.0577073500082186,1.0065222029808232,1.0375197734767132,1.0066217102986317,1.0022125744301382,1.0028494207945224,1.0534344264849322,1.042911822369863,0.998972893589042,1.0064457478191797,1.0350477967945209,1.0858416358191778,1.2211247454520548,1.0103412017917823,1.087424740101371,1.1496154994383554,1.1138191778438364
23,0.7718877931643839,0.8622007087123278,0.9239903477260265,0.8448022374109582,0.806905728999999,0.8895332132082177,1.1273209357424636,0.7919204440986282,0.7348630112219181,0.7364201058301355,0.7334531685397236,0.8834551904082188,0.7570372480821894,0.7292120125780801,0.7469526564219163,0.7708853891397267,0.8125731064356152,0.7551369927698619,0.8700259224054785,0.7588475393725487,0.7392983811260257,0.73903307650137,1.021594458816437,0.8170466821178058,0.8174229356684913,0.75045622140274,0.7222474910424037,0.7548375386328746,0.7393119620986278,0.7802680252547933,0.7983754517616426,0.7935917765178074,0.8867472800904102,0.746392249120548,0.7412980445945205,0.7514892743397256,1.1586038664109568,0.7440339534082193,0.7343336480328769,1.0292578564684918,0.8301220494602728,0.7434357229780817,0.7366405541561644,0.8064360366520528,0.8551449971671214,0.8362943130164361,0.7732333131150666,0.7630012748739715,0.746713929424658,0.7482814218739706,0.746347840967124,0.7399585681013696,0.742823070717808,0.7735163625972594,0.7490918141123271,0.7374035254849316,0.7476861734986305,0.7771273528630132,0.7827031654876703,0.9304333778301367,0.7495518338273974,0.7799985014273949,0.836092084936986,0.8027018001424645
